"phecode","range_start","range_end"
110,110.00,118.99
112,110.00,118.99
117,110.00,118.99
130,130.00,136.99
131,130.00,136.99
132,130.00,136.99
133,130.00,136.99
134,130.00,136.99
136,130.00,136.99
164,160.00,165.99
165,160.00,165.99
170.2,170.00,171.99
170,170.00,171.99
172,172.00,173.99
173,172.00,173.99
189,188.00,189.99
195,195.00,199.99
196,195.00,199.99
197,195.00,199.99
250.12,249.00,250.99
198,195.00,199.99
200,200.00,204.99
201,200.00,204.99
202,200.00,204.99
204,200.00,204.99
209,209.00,209.99
212,212.00,212.99
213,210.00,229.99
214,214.00,215.99
215,214.00,215.99
216,216.00,217.99
223,210.00,229.99
228,228.00,228.99
229,229.00,229.99
230,230.00,230.99
240,240.00,246.99
241,240.00,246.99
242,240.00,246.99
244,240.00,246.99
245,240.00,246.99
246,240.00,246.99
249,249.00,250.99
250,249.00,250.99
250.2,249.00,250.99
250.1,249.00,250.99
251,251.00,259.99
252,251.00,259.99
253,251.00,259.99
255,251.00,259.99
256,251.00,259.99
257,251.00,259.99
258,251.00,259.99
259,251.00,259.99
260,260.00,264.99
263,260.00,264.99
264,260.00,264.99
270,269.00,270.99
271,271.00,271.99
272,272.00,272.99
274,274.00,274.99
275,275.00,275.99
275.1,275.00,275.99
275.2,275.00,275.99
275.3,275.00,275.99
275.5,275.00,275.99
276,276.00,276.99
277,277.00,277.99
277.4,277.00,277.99
277.5,277.00,277.99
277.6,277.00,277.99
277.7,277.00,277.99
277.8,277.00,277.99
446.3,440.00,449.99
446.6,440.00,449.99
278,278.00,278.99
278.1,278.00,278.99
279,279.00,279.99
280,280.00,285.99
281,280.00,285.99
281.1,280.00,285.99
282,280.00,285.99
282.5,280.00,285.99
283,280.00,285.99
283.1,280.00,285.99
284,280.00,285.99
285,280.00,285.99
286,286.00,287.99
286.1,286.00,287.99
287,286.00,287.99
288.1,288.00,289.99
288,288.00,289.99
289,288.00,289.99
290,290.00,292.99
291,290.00,292.99
293,293.00,293.99
295,295.00,306.99
296,295.00,306.99
296.1,295.00,306.99
296.2,295.00,306.99
300,295.00,306.99
301,295.00,306.99
302,295.00,306.99
306,295.00,306.99
339,339.00,340.99
312,312.00,315.99
313,312.00,315.99
315,312.00,315.99
316,316.00,319.99
317,316.00,319.99
320,320.00,326.90
323,320.00,326.90
324,320.00,326.90
325,320.00,326.90
327,327.00,328.99
327.3,327.00,328.99
340,339.00,340.99
350,350.00,350.99
351,351.00,355.99
352,351.00,355.99
353,351.00,355.99
355,351.00,355.99
356,356.00,359.99
357,356.00,359.99
358,356.00,359.99
359,356.00,359.99
360,360.00,365.99
361,360.00,365.99
363,360.00,365.99
364,360.00,365.99
365,360.00,365.99
366,366.00,366.99
367,367.00,367.99
368,368.00,368.99
369,369.00,374.99
370,369.00,374.99
371,369.00,374.99
372,369.00,374.99
374,369.00,374.99
375,375.00,379.99
376,375.00,379.99
377,375.00,379.99
377.3,375.00,379.99
378,375.00,379.99
379,375.00,379.99
380,380.00,380.99
381,381.00,385.99
383,381.00,385.99
384,381.00,385.99
385,381.00,385.99
386,386.00,386.99
386.1,386.00,386.99
386.2,386.00,386.99
388,387.00,389.99
389,387.00,389.99
394,394.00,399.99
401,401.00,405.99
411,410.00,414.99
415,415.00,417.99
453,450.00,457.99
420,420.00,425.99
425,420.00,425.99
426,426.00,427.99
427,426.00,427.99
427.1,426.00,427.99
427.2,426.00,427.99
428,428.00,429.99
429,428.00,429.99
430,430.00,438.99
433,430.00,438.99
433.2,430.00,438.99
440,440.00,449.99
441,440.00,449.99
442,440.00,449.99
443,440.00,449.99
444,440.00,449.99
446,440.00,449.99
447,440.00,449.99
448,440.00,449.99
451,450.00,457.99
452,450.00,457.99
454,450.00,457.99
455,450.00,457.99
457,450.00,457.99
458,458.00,459.99
459,458.00,459.99
465,460.00,469.99
470,470.00,479.99
471,470.00,479.99
472,470.00,479.99
473,470.00,479.99
474,470.00,479.99
475,470.00,479.99
476,470.00,479.99
477,470.00,479.99
478,470.00,479.99
480,480.00,488.99
481,480.00,488.99
483,480.00,488.99
495,490.00,498.99
496,490.00,498.99
500,500.00,509.99
505,500.00,509.99
506,500.00,509.99
507,500.00,509.99
508,500.00,509.99
510,510.00,510.99
512,512.00,512.99
513,513.00,513.99
514,514.00,514.99
516,516.00,516.99
519,519.00,519.99
520,520.00,526.99
521,520.00,526.99
522,520.00,526.99
523,520.00,526.99
524,520.00,526.99
525,520.00,526.99
526,520.00,526.99
527,527.00,529.99
528,527.00,529.99
649.1,649.00,649.99
529,527.00,529.99
531,531.00,531.99
535,535.00,537.99
536,535.00,537.99
537,535.00,537.99
540,540.00,540.99
550,550.00,550.99
555,555.00,564.99
560,555.00,564.99
562,555.00,564.99
564,555.00,564.99
564.1,555.00,564.99
565,565.00,569.99
567,565.00,569.99
568,565.00,569.99
569,565.00,569.99
571,570.00,573.99
572,570.00,573.99
571.81,570.00,573.99
573,570.00,573.99
574,574.00,576.99
575,574.00,576.99
577,577.00,577.99
578,578.00,579.99
579,578.00,579.99
580,580.00,590.99
585,580.00,590.99
586,580.00,590.99
587,580.00,590.99
588,580.00,590.99
589,580.00,590.99
590,590.00,593.99
591,590.00,593.99
592,590.00,593.99
593,590.00,593.99
595,594.00,595.99
596,595.00,597.99
597,595.00,597.99
598,598.00,598.99
599,599.00,599.99
603,600.00,609.99
604,600.00,609.99
605,600.00,609.99
608,600.00,609.99
610,610.00,613.99
614,614.00,616.99
615,614.00,616.99
618.1,617.00,618.99
617,617.00,618.99
618,617.00,618.99
619,619.00,619.99
620,620.00,623.99
621,620.00,623.99
622,620.00,623.99
623,620.00,623.99
624,624.00,625.99
625,624.00,625.99
626,626.00,628.99
627,626.00,628.99
628,626.00,628.99
634,634.00,636.99
635,634.00,636.99
636,634.00,636.99
637,634.00,639.99
638,634.00,639.99
639,634.00,639.99
642,642.00,642.99
643,643.00,643.99
644,644.00,644.99
645,645.00,645.99
646,646.00,646.99
647,647.00,647.99
649,649.00,649.99
650,650.00,650.99
651,651.00,651.99
652,652.00,654.99
654,652.00,654.99
655,655.00,655.99
656,656.00,656.99
653,652.00,654.99
394.3,394.00,399.99
446.4,440.00,449.99
661,660.00,669.99
663,660.00,669.99
665,660.00,669.99
668,660.00,669.99
669,660.00,669.99
671,670.00,677.99
674,670.00,677.99
676,670.00,677.99
679,678.00,679.99
681,680.00,686.99
686,680.00,686.99
690,690.00,697.99
694,690.00,697.99
695,690.00,697.99
698,698.00,699.99
700,700.00,701.99
701,700.00,701.99
702,700.00,702.99
703,703.00,704.99
704,703.00,704.99
705,705.00,706.99
706,705.00,706.99
707,707.00,707.99
710,710.00,716.99
711,710.00,716.99
712,710.00,716.99
713,710.00,716.99
716,710.00,716.99
717,717.00,717.99
720,720.00,724.99
721,720.00,724.99
722,720.00,724.99
723,720.00,724.99
724,720.00,724.99
726,725.00,729.99
727,725.00,729.99
728,725.00,729.99
729,725.00,729.99
721.1,720.00,724.99
731,730.00,739.99
732,730.00,739.99
733,730.00,739.99
735,735.00,739.99
736,735.00,739.99
737,735.00,739.99
738,735.00,739.99
739,735.00,739.99
740,740.00,740.99
741,741.00,742.99
742,741.00,742.99
743,743.00,744.99
745,745.00,745.99
741.5,741.00,742.99
747,747.00,747.99
748,748.00,749.99
749,748.00,749.99
750,750.00,751.99
751,750.00,751.99
752,752.00,754.99
753,752.00,754.99
754,754.00,756.99
755,754.00,756.99
756,754.00,756.99
757,756.00,759.99
758,756.00,759.99
759,756.00,759.99
760,760.00,760.99
761,761.00,761.99
763,763.00,767.99
764,763.00,767.99
765,763.00,767.99
766,763.00,767.99
767,763.00,767.99
769,769.00,769.99
770,770.00,770.99
771,771.00,771.99
772,772.00,772.99
773,773.00,773.99
264.2,260.00,264.99
780,780.00,780.99
781,781.00,781.99
782,782.00,782.99
783,783.00,783.99
785,785.00,785.99
788,788.00,788.99
789,789.00,789.99
790,790.00,790.99
790.1,790.00,790.99
791,791.00,791.99
794,794.00,794.99
795,795.00,795.99
797,797.00,797.99
798,798.00,798.99
798.1,798.00,798.99
799,799.00,799.99
800,800.00,809.99
805,800.00,809.99
807,800.00,809.99
802,800.00,809.99
803.3,800.00,809.99
823,800.00,829.99
830,830.00,839.99
840,840.00,848.99
817,816.00,819.99
816,816.00,819.99
818,816.00,819.99
854,850.00,859.99
851,850.00,859.99
870,870.00,879.99
905,905.00,909.99
906,905.00,909.99
907,905.00,909.99
908,905.00,909.99
909,905.00,909.99
910,910.00,910.99
930,930.00,949.99
931,930.00,949.99
938,930.00,949.99
939,930.00,949.99
952,950.00,957.99
957,950.00,957.99
958,958.00,959.99
960,960.00,979.99
961,960.00,979.99
962,960.00,979.99
963,960.00,979.99
964,960.00,979.99
965,960.00,979.99
966,960.00,979.99
967,960.00,979.99
969,960.00,979.99
971,960.00,979.99
972,960.00,979.99
973,960.00,979.99
974,960.00,979.99
975,960.00,979.99
976,960.00,979.99
977,960.00,979.99
981,981.00,989.99
983,981.00,989.99
984,981.00,989.99
985,981.00,989.99
986,981.00,989.99
987,981.00,989.99
988,981.00,989.99
989,981.00,989.99
990,990.00,995.99
994,994.00,994.99
996,996.00,999.99
946,930.00,949.99
297,295.00,306.99
250.3,249.00,250.99
315.1,312.00,315.99
315.2,312.00,315.99
327.4,327.00,328.99
300.3,295.00,306.99
302.1,295.00,306.99
276.1,276.00,276.99
782.3,782.00,782.99
704.1,703.00,704.99
704.2,703.00,704.99
695.3,690.00,697.99
795.8,795.00,795.99
252.1,251.00,259.99
272.1,272.00,272.99
599.1,599.00,599.99
599.2,599.00,599.99
358.1,356.00,359.99
244.1,240.00,246.99
242.1,240.00,246.99
710.2,710.00,716.99
456,450.00,457.99
782.6,782.00,782.99
790.8,790.00,790.99
790.9,790.00,790.99
793.2,793.00,793.99
803,800.00,809.99
873,870.00,879.99
871,870.00,879.99
870.2,870.00,879.99
911,911.00,911.99
912,912.00,913.99
913,912.00,913.99
367.1,367.00,367.99
367.2,367.00,367.99
367.4,367.00,367.99
285.1,280.00,285.99
285.2,280.00,285.99
733.6,730.00,739.99
379.2,375.00,379.99
379.9,375.00,379.99
380.4,380.00,380.99
710.1,710.00,716.99
170.1,170.00,171.99
172.1,172.00,173.99
189.1,188.00,189.99
195.1,195.00,199.99
204.1,200.00,204.99
289.3,288.00,289.99
165.1,160.00,165.99
531.1,531.00,531.99
592.1,590.00,593.99
426.2,426.00,427.99
426.21,426.00,427.99
426.22,426.00,427.99
426.32,426.00,427.99
426.31,426.00,427.99
426.3,426.00,427.99
426.23,426.00,427.99
360.2,360.00,365.99
429.3,428.00,429.99
427.8,426.00,427.99
427.4,426.00,427.99
427.6,426.00,427.99
427.11,426.00,427.99
427.12,426.00,427.99
296.22,295.00,306.99
724.1,720.00,724.99
555.1,555.00,564.99
244.2,240.00,246.99
380.1,380.00,380.99
290.1,290.00,292.99
327.5,327.00,328.99
701.4,700.00,701.99
256.4,251.00,259.99
401.2,401.00,405.99
401.21,401.00,405.99
401.1,401.00,405.99
272.9,272.00,272.99
366.1,366.00,366.99
790.6,790.00,790.99
702.1,702.00,702.99
702.2,702.00,702.99
389.1,387.00,389.99
389.2,387.00,389.99
278.11,278.00,278.99
870.1,870.00,879.99
250.22,249.00,250.99
733.8,730.00,739.99
701.1,700.00,701.99
728.7,725.00,729.99
365.1,360.00,365.99
365.2,360.00,365.99
368.1,368.00,368.99
368.2,368.00,368.99
368.5,368.00,368.99
620.1,620.00,623.99
189.2,188.00,189.99
429.2,428.00,429.99
204.2,200.00,204.99
275.51,275.00,275.99
293.1,293.00,293.99
281.9,280.00,285.99
283.2,280.00,285.99
555.2,555.00,564.99
564.9,555.00,564.99
571.5,570.00,573.99
571.51,570.00,573.99
571.6,570.00,573.99
704.11,703.00,704.99
705.3,705.00,706.99
705.1,705.00,706.99
713.5,710.00,716.99
753.1,752.00,754.99
720.1,720.00,724.99
300.2,295.00,306.99
427.21,426.00,427.99
427.22,426.00,427.99
443.9,440.00,449.99
525.2,520.00,526.99
246.6,240.00,246.99
525.1,520.00,526.99
735.1,735.00,739.99
735.2,735.00,739.99
276.8,276.00,276.99
276.5,276.00,276.99
276.41,276.00,276.99
276.42,276.00,276.99
276.4,276.00,276.99
706.1,705.00,706.99
242.2,240.00,246.99
245.2,240.00,246.99
245.1,240.00,246.99
241.1,240.00,246.99
241.2,240.00,246.99
244.3,240.00,246.99
246.2,240.00,246.99
110.1,110.00,118.99
251.1,249.00,259.99
271.3,271.00,271.99
274.1,274.00,274.99
284.1,280.00,285.99
285.22,280.00,285.99
286.5,286.00,287.99
287.3,286.00,287.99
287.31,286.00,287.99
379.1,375.00,379.99
289.4,288.00,289.99
289.5,288.00,289.99
378.5,375.00,379.99
360.3,360.00,365.99
361.1,360.00,365.99
377.1,375.00,379.99
363.3,360.00,365.99
363.4,360.00,365.99
374.3,369.00,374.99
374.1,369.00,374.99
626.1,626.00,628.99
626.11,626.00,628.99
626.12,626.00,628.99
610.1,610.00,613.99
622.1,620.00,623.99
627.2,626.00,628.99
686.1,680.00,686.99
703.1,703.00,704.99
440.1,440.00,449.99
378.1,375.00,379.99
379.4,375.00,379.99
379.3,375.00,379.99
385.3,381.00,385.99
386.3,386.00,386.99
386.21,386.00,386.99
394.1,394.00,399.99
394.7,394.00,399.99
411.1,410.00,414.99
411.2,410.00,414.99
440.9,440.00,449.99
446.5,440.00,449.99
440.2,440.00,449.99
447.1,440.00,449.99
627.3,626.00,628.99
451.2,450.00,457.99
458.1,458.00,459.99
459.9,458.00,459.99
426.7,426.00,427.99
459.7,458.00,459.99
519.1,519.00,519.99
521.1,520.00,526.99
521.2,520.00,526.99
522.1,520.00,526.99
522.5,520.00,526.99
523.3,520.00,526.99
523.1,520.00,526.99
524.3,520.00,526.99
531.2,531.00,531.99
531.4,531.00,531.99
531.3,531.00,531.99
535.1,535.00,537.99
535.6,535.00,537.99
569.1,565.00,569.99
574.1,574.00,576.99
574.11,574.00,576.99
575.1,574.00,576.99
575.6,574.00,576.99
577.1,577.00,577.99
577.2,577.00,577.99
577.3,577.00,577.99
578.1,578.00,579.99
578.2,578.00,579.99
578.9,578.00,579.99
246.7,240.00,246.99
588.1,580.00,590.99
588.2,580.00,590.99
592.2,590.00,593.99
592.3,590.00,593.99
627.1,626.00,628.99
593.2,590.00,593.99
596.1,595.00,597.99
596.5,595.00,597.99
706.2,705.00,706.99
722.6,720.00,724.99
722.3,720.00,724.99
722.1,720.00,724.99
711.1,710.00,716.99
288.2,288.00,289.99
288.11,288.00,289.99
289.9,288.00,289.99
250.4,249.00,250.99
573.2,570.00,573.99
573.3,570.00,573.99
250.5,249.00,250.99
259.1,251.00,259.99
260.1,260.00,264.99
260.2,260.00,264.99
274.11,274.00,274.99
274.2,274.00,274.99
244.5,240.00,246.99
117.1,110.00,118.99
117.2,110.00,118.99
573.4,570.00,573.99
573.9,570.00,573.99
189.21,188.00,189.99
172.2,172.00,173.99
172.3,172.00,173.99
189.4,188.00,189.99
189.11,188.00,189.99
189.12,188.00,189.99
202.2,200.00,204.99
202.21,200.00,204.99
202.22,200.00,204.99
202.23,200.00,204.99
202.24,200.00,204.99
204.11,200.00,204.99
204.12,200.00,204.99
204.21,200.00,204.99
204.22,200.00,204.99
204.3,200.00,204.99
204.4,200.00,204.99
270.2,269.00,270.99
198.1,195.00,199.99
198.2,195.00,199.99
198.3,195.00,199.99
198.4,195.00,199.99
198.5,195.00,199.99
198.6,195.00,199.99
270.1,269.00,270.99
199,195.00,199.99
199.4,195.00,199.99
250.13,249.00,250.99
250.23,249.00,250.99
250.14,249.00,250.99
250.24,249.00,250.99
250.15,249.00,250.99
250.25,249.00,250.99
250.11,249.00,250.99
250.21,249.00,250.99
252.2,251.00,259.99
253.3,251.00,259.99
253.1,251.00,259.99
253.2,251.00,259.99
255.1,251.00,259.99
255.2,251.00,259.99
255.11,251.00,259.99
255.12,251.00,259.99
255.3,251.00,259.99
257.1,251.00,259.99
259.8,251.00,259.99
261,260.00,264.99
261.1,260.00,264.99
261.2,260.00,264.99
261.3,260.00,264.99
261.4,260.00,264.99
261.41,260.00,264.99
262,260.00,264.99
272.11,272.00,272.99
272.12,272.00,272.99
272.13,272.00,272.99
272.14,272.00,272.99
274.21,274.00,274.99
277.51,277.00,277.99
276.6,276.00,276.99
276.11,276.00,276.99
276.12,276.00,276.99
276.13,276.00,276.99
276.14,276.00,276.99
499,499.00,499.99
275.53,275.00,275.99
279.1,279.00,279.99
279.11,279.00,279.99
279.2,279.00,279.99
270.3,269.00,270.99
270.31,269.00,270.99
270.32,269.00,270.99
271.9,271.00,271.99
270.33,269.00,270.99
278.3,278.00,278.99
278.4,278.00,278.99
279.7,279.00,279.99
446.8,440.00,449.99
446.7,440.00,449.99
260.6,260.00,264.99
260.7,260.00,264.99
285.21,280.00,285.99
285.3,280.00,285.99
282.9,280.00,285.99
280.1,280.00,285.99
280.2,280.00,285.99
281.11,280.00,285.99
281.12,280.00,285.99
281.13,280.00,285.99
286.8,286.00,287.99
287.32,286.00,287.99
287.1,286.00,287.99
288.3,288.00,289.99
327.1,327.00,328.99
300.8,295.00,306.99
300.9,295.00,306.99
292,290.00,292.99
290.3,290.00,292.99
290.2,290.00,292.99
291.1,290.00,292.99
290.11,290.00,292.99
290.12,290.00,292.99
290.13,290.00,292.99
315.3,312.00,315.99
313.2,312.00,315.99
313.1,312.00,315.99
312.3,312.00,315.99
295.2,295.00,306.99
295.1,295.00,306.99
317.1,316.00,319.99
317.11,316.00,319.99
318,316.00,319.99
303,295.00,306.99
303.1,295.00,306.99
303.3,295.00,306.99
303.4,295.00,306.99
304,295.00,306.99
327.32,327.00,328.99
327.31,327.00,328.99
327.6,327.00,328.99
327.7,327.00,328.99
290.16,290.00,292.99
361.2,360.00,365.99
365.5,360.00,365.99
253.4,251.00,259.99
367.8,367.00,367.99
367.9,367.00,367.99
368.7,368.00,368.99
368.3,368.00,368.99
368.4,368.00,368.99
368.9,368.00,368.99
369.2,369.00,374.99
369.5,369.00,374.99
371.3,369.00,374.99
371.33,369.00,374.99
371.1,369.00,374.99
371.2,369.00,374.99
375.1,375.00,379.99
375.2,375.00,379.99
371.9,369.00,374.99
242.3,240.00,246.99
364.5,360.00,365.99
364.51,360.00,365.99
364.4,360.00,365.99
364.41,360.00,365.99
364.1,360.00,365.99
364.2,360.00,365.99
381.1,381.00,385.99
381.2,381.00,385.99
381.11,381.00,385.99
381.3,381.00,385.99
384.4,381.00,385.99
385.5,381.00,385.99
386.9,386.00,386.99
384.1,381.00,385.99
382,381.00,385.99
381.9,381.00,385.99
389.3,387.00,389.99
389.4,387.00,389.99
389.5,387.00,389.99
352.1,351.00,355.99
352.2,351.00,355.99
353.1,351.00,355.99
353.2,351.00,355.99
250.6,249.00,250.99
350.1,350.00,350.99
350.3,350.00,350.99
355.1,351.00,355.99
350.2,350.00,350.99
350.5,350.00,350.99
350.6,350.00,350.99
480.1,480.00,488.99
480.11,480.00,488.99
480.3,480.00,488.99
480.2,480.00,488.99
480.5,480.00,488.99
474.2,470.00,479.99
464,460.00,469.99
465.2,460.00,469.99
465.4,460.00,469.99
496.1,490.00,498.99
496.2,490.00,498.99
496.21,490.00,498.99
496.3,490.00,498.99
497,490.00,498.99
495.1,490.00,498.99
495.11,490.00,498.99
495.2,490.00,498.99
509.1,500.00,509.99
509.2,500.00,509.99
500.1,500.00,509.99
500.2,500.00,509.99
501,500.00,509.99
502,500.00,509.99
503,500.00,509.99
504,500.00,509.99
509,500.00,509.99
394.4,394.00,399.99
394.2,394.00,399.99
513.8,513.00,513.99
514.1,514.00,514.99
513.3,513.00,513.99
479,470.00,479.99
513.31,513.00,513.99
513.32,513.00,513.99
513.4,513.00,513.99
516.1,516.00,516.99
512.3,512.00,512.99
512.1,512.00,512.99
512.2,512.00,512.99
512.9,512.00,512.99
473.1,470.00,479.99
473.4,470.00,479.99
473.3,470.00,479.99
498,490.00,498.99
475.9,470.00,479.99
474.1,470.00,479.99
401.3,401.00,405.99
401.22,401.00,405.99
395,394.00,399.99
396,394.00,399.99
395.2,394.00,399.99
395.1,394.00,399.99
395.4,394.00,399.99
395.3,394.00,399.99
395.6,394.00,399.99
425.1,420.00,425.99
425.2,420.00,425.99
420.1,420.00,425.99
420.2,420.00,425.99
420.3,420.00,425.99
420.21,420.00,425.99
420.22,420.00,425.99
411.3,410.00,414.99
414,410.00,414.99
418,418.00,418.99
415.1,415.00,417.99
415.2,415.00,417.99
416,415.00,417.99
414.2,410.00,414.99
654.1,652.00,654.99
426.4,426.00,427.99
426.8,426.00,427.99
426.9,426.00,427.99
426.91,426.00,427.99
426.92,426.00,427.99
427.61,426.00,427.99
427.3,426.00,427.99
427.7,426.00,427.99
427.9,426.00,427.99
430.1,430.00,438.99
430.2,430.00,438.99
430.3,430.00,438.99
433.1,430.00,438.99
433.11,430.00,438.99
433.12,430.00,438.99
427.41,426.00,427.99
427.42,426.00,427.99
428.1,428.00,429.99
411.4,410.00,414.99
411.41,410.00,414.99
411.9,410.00,414.99
411.8,410.00,414.99
433.6,430.00,438.99
433.21,430.00,438.99
433.3,430.00,438.99
433.8,430.00,438.99
433.31,430.00,438.99
433.5,430.00,438.99
443.8,440.00,449.99
442.1,440.00,449.99
442.2,440.00,449.99
442.3,440.00,449.99
442.8,440.00,449.99
442.4,440.00,449.99
444.1,440.00,449.99
444.5,440.00,449.99
446.1,440.00,449.99
446.9,440.00,449.99
452.2,450.00,457.99
454.1,450.00,457.99
454.11,450.00,457.99
450,450.00,450.99
452.8,450.00,457.99
429.1,428.00,429.99
402,401.00,405.99
520.1,520.00,526.99
520.2,520.00,526.99
521.4,520.00,526.99
523.31,520.00,526.99
523.32,520.00,526.99
526.4,520.00,526.99
526.41,520.00,526.99
526.42,520.00,526.99
526.1,520.00,526.99
526.5,520.00,526.99
526.8,520.00,526.99
526.9,520.00,526.99
526.3,520.00,526.99
527.1,527.00,529.99
527.2,527.00,529.99
527.7,527.00,529.99
527.8,527.00,529.99
528.1,527.00,529.99
528.11,527.00,529.99
528.12,527.00,529.99
528.5,527.00,529.99
528.4,527.00,529.99
528.41,527.00,529.99
528.6,527.00,529.99
528.3,527.00,529.99
529.1,527.00,529.99
529.6,527.00,529.99
528.7,527.00,529.99
531.5,531.00,531.99
535.2,535.00,537.99
535.8,535.00,537.99
535.9,535.00,537.99
536.3,535.00,537.99
536.8,535.00,537.99
537.1,535.00,537.99
550.1,550.00,550.99
550.2,550.00,550.99
550.3,550.00,550.99
550.4,550.00,550.99
550.5,550.00,550.99
550.6,550.00,550.99
540.1,540.00,540.99
540.11,540.00,540.99
558,555.00,564.99
560.1,555.00,564.99
560.2,555.00,564.99
560.3,555.00,564.99
560.4,555.00,564.99
562.1,555.00,564.99
562.2,555.00,564.99
565.1,565.00,569.99
574.12,574.00,576.99
574.2,574.00,576.99
574.3,574.00,576.99
575.7,574.00,576.99
578.8,578.00,579.99
575.9,574.00,576.99
575.8,574.00,576.99
575.2,574.00,576.99
571.8,570.00,573.99
573.7,570.00,573.99
573.5,570.00,573.99
563,555.00,564.99
556,555.00,564.99
556.11,555.00,564.99
556.1,555.00,564.99
559,555.00,564.99
568.1,565.00,569.99
425.8,420.00,425.99
428.4,428.00,429.99
428.3,428.00,429.99
561,555.00,564.99
564.8,555.00,564.99
557,555.00,564.99
557.1,555.00,564.99
569.2,565.00,569.99
480.12,480.00,488.99
480.13,480.00,488.99
580.1,580.00,590.99
580.11,580.00,590.99
580.2,580.00,590.99
580.12,580.00,590.99
580.13,580.00,590.99
580.14,580.00,590.99
580.3,580.00,590.99
580.31,580.00,590.99
580.32,580.00,590.99
580.4,580.00,590.99
586.1,580.00,590.99
586.2,580.00,590.99
585.1,580.00,590.99
585.2,580.00,590.99
585.3,580.00,590.99
592.11,590.00,593.99
594,594.00,595.99
592.13,590.00,593.99
592.12,590.00,593.99
592.21,590.00,593.99
594.1,594.00,595.99
594.2,594.00,595.99
594.8,594.00,595.99
598.9,598.00,598.99
586.3,580.00,590.99
686.2,680.00,686.99
586.4,580.00,590.99
597.1,595.00,597.99
597.8,595.00,597.99
593.1,590.00,593.99
599.3,599.00,599.99
599.4,599.00,599.99
599.5,599.00,599.99
599.6,599.00,599.99
599.9,599.00,599.99
599.7,599.00,599.99
599.8,599.00,599.99
598.4,598.00,598.99
603.1,600.00,609.99
610.2,610.00,613.99
610.8,610.00,613.99
610.3,610.00,613.99
610.4,610.00,613.99
614.1,614.00,616.99
614.3,614.00,616.99
614.31,614.00,616.99
614.33,614.00,616.99
614.32,614.00,616.99
614.4,614.00,616.99
614.5,614.00,616.99
614.51,614.00,616.99
614.52,614.00,616.99
614.53,614.00,616.99
614.54,614.00,616.99
618.2,617.00,618.99
618.5,617.00,618.99
618.6,617.00,618.99
627.21,626.00,628.99
627.4,626.00,628.99
627.22,626.00,628.99
627.5,626.00,628.99
626.13,626.00,628.99
626.14,626.00,628.99
626.2,626.00,628.99
626.8,626.00,628.99
626.15,626.00,628.99
626.4,626.00,628.99
626.21,626.00,628.99
625.1,624.00,625.99
622.2,620.00,623.99
624.9,624.00,625.99
619.1,619.00,619.99
619.2,619.00,619.99
619.3,619.00,619.99
619.4,619.00,619.99
619.5,619.00,619.99
624.1,624.00,625.99
624.2,624.00,625.99
634.1,634.00,636.99
634.3,634.00,636.99
635.2,634.00,636.99
635.3,634.00,636.99
636.3,634.00,636.99
642.1,642.00,642.99
636.1,634.00,636.99
636.2,634.00,636.99
643.1,643.00,643.99
647.1,647.00,647.99
647.3,647.00,647.99
636.8,634.00,636.99
656.1,656.00,656.99
655.1,655.00,655.99
681.1,680.00,686.99
681.2,680.00,686.99
681.3,680.00,686.99
681.5,680.00,686.99
681.6,680.00,686.99
681.7,680.00,686.99
695.21,690.00,697.99
694.1,690.00,697.99
694.2,690.00,697.99
695.1,690.00,697.99
695.2,690.00,697.99
695.8,690.00,697.99
695.9,690.00,697.99
695.7,690.00,697.99
694.3,690.00,697.99
695.22,690.00,697.99
707.1,707.00,707.99
707.2,707.00,707.99
707.3,707.00,707.99
689,689.00,689.99
704.8,703.00,704.99
706.3,705.00,706.99
706.8,705.00,706.99
702.4,700.00,702.99
711.2,710.00,716.99
711.3,710.00,716.99
710.11,710.00,716.99
710.12,710.00,716.99
710.3,710.00,716.99
836,830.00,839.99
835,830.00,839.99
740.1,740.00,740.99
740.12,740.00,740.99
740.3,740.00,740.99
716.1,710.00,716.99
716.2,710.00,716.99
716.9,710.00,716.99
721.2,720.00,724.99
721.8,720.00,724.99
722.7,720.00,724.99
722.8,720.00,724.99
722.9,720.00,724.99
735.22,735.00,739.99
735.21,735.00,739.99
735.3,735.00,739.99
735.23,735.00,739.99
736.4,735.00,739.99
747.1,747.00,747.99
747.2,747.00,747.99
747.12,747.00,747.99
656.3,656.00,656.99
656.2,656.00,656.99
750.11,750.00,751.99
750.1,750.00,751.99
750.2,750.00,751.99
750.13,750.00,751.99
750.14,750.00,751.99
750.15,750.00,751.99
750.21,750.00,751.99
750.22,750.00,751.99
751.1,750.00,751.99
751.11,750.00,751.99
751.12,750.00,751.99
751.2,750.00,751.99
751.21,750.00,751.99
751.3,750.00,751.99
751.22,750.00,751.99
752.1,752.00,754.99
752.11,752.00,754.99
752.2,752.00,754.99
747.11,747.00,747.99
747.13,747.00,747.99
749.1,747.00,759.99
753.2,752.00,754.99
755.1,754.00,756.99
740.9,740.00,740.99
755.3,754.00,756.99
755.61,754.00,756.99
755.4,754.00,756.99
755.6,754.00,756.99
754.1,754.00,756.99
754.2,754.00,756.99
756.1,754.00,756.99
756.2,754.00,756.99
758.1,756.00,759.99
740.11,740.00,740.99
740.2,740.00,740.99
710.19,710.00,716.99
741.1,741.00,742.99
741.2,741.00,742.99
741.3,741.00,742.99
741.4,741.00,742.99
741.6,741.00,742.99
742.1,741.00,742.99
742.2,741.00,742.99
723.1,720.00,724.99
724.2,720.00,724.99
724.8,720.00,724.99
724.9,720.00,724.99
736.2,735.00,739.99
736.5,735.00,739.99
736.1,735.00,739.99
736.3,735.00,739.99
736.6,735.00,739.99
737.1,735.00,739.99
737.2,735.00,739.99
737.3,735.00,739.99
738.4,735.00,739.99
364.9,360.00,365.99
726.1,725.00,729.99
726.2,725.00,729.99
726.3,725.00,729.99
726.4,725.00,729.99
729.3,725.00,729.99
840.1,840.00,848.99
915,910.00,919.99
840.2,840.00,848.99
840.3,840.00,848.99
841,840.00,848.99
842,840.00,848.99
960.1,960.00,979.99
960.2,960.00,979.99
960.3,960.00,979.99
979,960.00,979.99
961.1,960.00,979.99
742.9,741.00,742.99
742.8,741.00,742.99
728.1,725.00,729.99
964.1,960.00,979.99
972.6,960.00,979.99
963.1,960.00,979.99
994.1,994.00,994.99
994.2,994.00,994.99
110.11,110.00,118.99
110.12,110.00,118.99
110.13,110.00,118.99
110.2,110.00,118.99
117.3,110.00,118.99
117.4,110.00,118.99
132.1,130.00,136.99
130.1,130.00,136.99
134.1,130.00,136.99
686.3,680.00,686.99
686.4,680.00,686.99
941,930.00,949.99
949,930.00,949.99
947,930.00,949.99
371.21,369.00,374.99
705.8,705.00,706.99
687,687.00,687.99
772.1,772.00,772.99
772.2,772.00,772.99
772.3,772.00,772.99
772.4,772.00,772.99
772.6,772.00,772.99
291.4,290.00,292.99
292.1,290.00,292.99
292.2,290.00,292.99
340.1,339.00,340.99
292.3,290.00,292.99
292.4,290.00,292.99
292.5,290.00,292.99
292.6,290.00,292.99
800.1,800.00,809.99
800.3,800.00,809.99
800.2,800.00,809.99
800.4,800.00,809.99
801,800.00,809.99
801.1,800.00,809.99
803.1,800.00,809.99
803.2,800.00,809.99
804,800.00,809.99
809,800.00,809.99
819,816.00,819.99
871.1,870.00,879.99
870.3,870.00,879.99
870.4,870.00,879.99
870.5,870.00,879.99
870.6,870.00,879.99
870.8,870.00,879.99
871.2,870.00,879.99
872,870.00,879.99
871.3,870.00,879.99
871.4,870.00,879.99
803.21,800.00,809.99
818.1,816.00,819.99
818.2,816.00,819.99
850,850.00,859.99
853,850.00,859.99
855,850.00,859.99
856,850.00,859.99
857,850.00,859.99
858,850.00,859.99
859,850.00,859.99
429.9,428.00,429.99
458.2,458.00,459.99
458.9,458.00,459.99
519.2,519.00,519.99
695.81,690.00,697.99
696.3,690.00,697.99
696.2,690.00,697.99
597.2,595.00,597.99
536.7,535.00,537.99
874,870.00,879.99
875,870.00,879.99
942,930.00,949.99
876,870.00,879.99
286.9,286.00,287.99
962.1,960.00,979.99
962.2,960.00,979.99
962.3,960.00,979.99
965.1,960.00,979.99
972.2,960.00,979.99
965.2,960.00,979.99
965.3,960.00,979.99
972.1,960.00,979.99
939.1,930.00,949.99
459.1,458.00,459.99
457.2,450.00,457.99
457.3,450.00,457.99
440.21,440.00,449.99
440.22,440.00,449.99
519.8,519.00,519.99
519.9,519.00,519.99
771.1,771.00,771.99
771.2,771.00,771.99
743.1,743.00,744.99
731.1,730.00,739.99
743.11,743.00,744.99
743.12,743.00,744.99
743.13,743.00,744.99
743.21,743.00,744.99
743.22,743.00,744.99
743.2,743.00,744.99
733.4,730.00,739.99
743.9,743.00,744.99
743.4,743.00,744.99
275.6,275.00,275.99
418.1,418.00,418.99
687.1,687.00,687.99
687.2,687.00,687.99
687.3,687.00,687.99
687.4,687.00,687.99
609,600.00,609.99
609.1,600.00,609.99
604.1,600.00,609.99
604.2,600.00,609.99
604.3,600.00,609.99
603.2,600.00,609.99
609.11,600.00,609.99
609.2,600.00,609.99
585.31,580.00,590.99
585.4,580.00,590.99
594.3,594.00,595.99
282.8,280.00,285.99
442.11,440.00,449.99
286.6,286.00,287.99
269,269.00,270.99
585.32,580.00,590.99
250.41,249.00,250.99
250.42,249.00,250.99
428.2,428.00,429.99
427.5,426.00,427.99
285.8,280.00,285.99
270.38,269.00,270.99
279.8,279.00,279.99
504.1,500.00,509.99
251.8,251.00,259.99
611,610.00,613.99
611.1,610.00,613.99
415.11,415.00,417.99
415.21,415.00,417.99
612,610.00,613.99
611.3,610.00,613.99
613,613.00,613.99
612.1,610.00,613.99
612.2,610.00,613.99
613.5,613.00,613.99
613.7,613.00,613.99
613.1,613.00,613.99
612.3,610.00,613.99
686.5,680.00,686.99
613.8,613.00,613.99
613.9,613.00,613.99
611.11,610.00,613.99
301.1,295.00,306.99
301.2,295.00,306.99
443.7,440.00,449.99
443.1,440.00,449.99
270.11,269.00,270.99
297.1,295.00,306.99
286.12,286.00,287.99
286.11,286.00,287.99
313.3,312.00,315.99
324.1,320.00,326.90
327.71,327.00,328.99
365.11,360.00,365.99
433.32,430.00,438.99
512.8,512.00,512.99
512.7,512.00,512.99
697,690.00,697.99
691,690.00,697.99
691.1,690.00,697.99
378.2,375.00,379.99
327.72,327.00,328.99
447.7,440.00,449.99
561.1,555.00,564.99
561.2,555.00,564.99
446.2,440.00,449.99
728.71,725.00,729.99
750.5,750.00,751.99
303.31,295.00,306.99
305.21,295.00,306.99
305.2,295.00,306.99
300.1,295.00,306.99
300.12,295.00,306.99
300.11,295.00,306.99
300.4,295.00,306.99
306.1,295.00,306.99
300.13,295.00,306.99
379.5,375.00,379.99
217.1,216.00,217.99
366.3,366.00,366.99
366.2,366.00,366.99
379.51,375.00,379.99
370.31,369.00,374.99
370.3,369.00,374.99
370.2,369.00,374.99
370.1,369.00,374.99
701.3,700.00,701.99
701.2,700.00,701.99
701.5,700.00,701.99
690.1,690.00,697.99
216.1,216.00,217.99
217,216.00,217.99
172.11,172.00,173.99
691.3,690.00,697.99
198.7,195.00,199.99
172.22,172.00,173.99
172.21,172.00,173.99
228.1,228.00,228.99
214.1,214.00,215.99
112.3,110.00,118.99
938.2,930.00,949.99
938.1,930.00,949.99
793,793.00,793.99
656.4,656.00,656.99
452.1,450.00,457.99
654.2,652.00,654.99
656.5,656.00,656.99
656.6,656.00,656.99
656.7,656.00,656.99
656.8,656.00,656.99
656.9,656.00,656.99
657,657.00,657.99
658,658.00,658.99
327.41,327.00,328.99
286.2,286.00,287.99
286.3,286.00,287.99
286.4,286.00,287.99
286.7,286.00,287.99
510.2,510.00,510.99
860,860.00,860.99
244.4,240.00,246.99
259.2,251.00,259.99
374.2,369.00,374.99
374.6,369.00,374.99
316.1,316.00,319.99
277.2,277.00,277.99
277.1,277.00,277.99
980,980.00,980.99
444.2,440.00,449.99
509.3,500.00,509.99
509.5,500.00,509.99
509.8,500.00,509.99
539,539.00,539.99
749.2,748.00,749.99
514.2,514.00,514.99
958.1,958.00,959.99
958.2,958.00,959.99
292.11,290.00,292.99
292.12,290.00,292.99
756.3,754.00,756.99
756.5,754.00,756.99
295.3,295.00,306.99
368.91,368.00,368.99
306.9,295.00,306.99
426.24,426.00,427.99
426.25,426.00,427.99
425.11,420.00,425.99
425.12,420.00,425.99
297.2,295.00,306.99
716.3,710.00,716.99
716.8,710.00,716.99
323.8,320.00,326.90
323.2,320.00,326.90
291.8,290.00,292.99
259.3,251.00,259.99
259.4,251.00,259.99
254,251.00,259.99
555.21,555.00,564.99
585.33,580.00,590.99
585.34,580.00,590.99
756.21,754.00,756.99
756.22,754.00,756.99
286.81,286.00,287.99
359.1,356.00,359.99
359.2,356.00,359.99
586.11,580.00,590.99
586.12,580.00,590.99
275.11,275.00,275.99
573.6,570.00,573.99
286.13,286.00,287.99
270.12,269.00,270.99
270.21,269.00,270.99
270.34,269.00,270.99
270.35,269.00,270.99
264.1,260.00,264.99
264.3,260.00,264.99
264.9,260.00,264.99
260.21,260.00,264.99
260.22,260.00,264.99
258.1,251.00,259.99
256.1,251.00,259.99
255.21,251.00,259.99
255.22,251.00,259.99
255.13,251.00,259.99
253.11,251.00,259.99
253.5,251.00,259.99
253.7,251.00,259.99
245.21,240.00,246.99
242.31,240.00,246.99
229.1,229.00,229.99
283.21,280.00,285.99
284.2,280.00,285.99
287.2,286.00,287.99
287.4,286.00,287.99
289.1,288.00,289.99
579.8,578.00,579.99
579.2,578.00,579.99
701.6,700.00,701.99
704.12,703.00,704.99
789.1,789.00,789.99
781.1,781.00,781.99
781.2,781.00,781.99
783.1,783.00,783.99
795.81,795.00,795.99
795.82,795.00,795.99
797.1,797.00,797.99
573.1,570.00,573.99
727.1,725.00,729.99
727.2,725.00,729.99
727.4,725.00,729.99
727.5,725.00,729.99
727.6,725.00,729.99
727.7,725.00,729.99
727.8,725.00,729.99
728.2,725.00,729.99
729.1,725.00,729.99
729.7,725.00,729.99
732.1,730.00,739.99
732.7,730.00,739.99
656.22,656.00,656.99
656.26,656.00,656.99
733.9,730.00,739.99
733.2,730.00,739.99
949.1,930.00,949.99
441.1,440.00,449.99
441.2,440.00,449.99
759.1,756.00,759.99
260.3,260.00,264.99
994.21,994.00,994.99
916,916.00,916.99
338.2,338.00,338.90
338.1,338.00,338.90
338,338.00,338.90
195.3,195.00,199.99
150,140.00,159.99
151,140.00,159.99
153,150.00,159.99
155,140.00,159.99
157,140.00,159.99
159,140.00,159.99
174,174.00,184.99
182,174.00,184.99
180,174.00,184.99
184,174.00,184.99
185,185.00,187.99
187,185.00,187.99
190,224.00,225.99
191,224.00,225.99
193,193.00,194.99
194,193.00,194.99
208,153.00,153.99
210,140.00,149.99
211,211.00,211.99
218,217.00,223.99
220,174.00,184.99
221,217.00,223.99
222,185.00,187.99
224,224.00,225.99
225,224.00,225.99
226,193.00,194.99
227,193.00,194.99
331,330.00,337.99
332,330.00,337.99
333,330.00,337.99
334,330.00,337.99
335,330.00,337.99
337,330.00,337.99
341,330.00,337.99
342,330.00,337.99
343,330.00,337.99
344,330.00,337.99
345,330.00,337.99
346,330.00,337.99
347,330.00,337.99
348,330.00,337.99
349,330.00,337.99
"090",90.00,92.99
695.4,690.00,697.99
530,530.00,530.99
600,185.00,187.99
601,185.00,187.99
602,185.00,187.99
696,690.00,697.99
709,690.00,697.99
714,714.00,716.00
715,714.00,716.00
792,174.00,184.99
796,185.00,187.99
530.1,530.00,530.99
709.2,690.00,697.99
155.1,140.00,159.99
174.1,174.00,184.99
180.1,174.00,184.99
184.1,174.00,184.99
187.1,185.00,187.99
191.1,224.00,225.99
200.1,200.00,204.99
"081",80.00,82.99
153.3,150.00,159.99
153.2,150.00,159.99
"080",80.00,82.99
"079",50.00,79.99
184.2,174.00,184.99
187.2,185.00,187.99
709.4,690.00,697.99
709.3,690.00,697.99
714.1,714.00,716.00
715.1,714.00,716.00
714.2,714.00,716.00
337.1,330.00,337.99
"078",50.00,79.99
"071",50.00,79.99
"070.3",50.00,79.99
601.1,185.00,187.99
530.3,530.00,530.99
530.5,530.00,530.99
159.2,140.00,159.99
159.3,140.00,159.99
174.11,174.00,184.99
174.2,174.00,184.99
184.11,174.00,184.99
149,140.00,149.99
149.1,140.00,149.99
149.2,140.00,149.99
149.3,140.00,149.99
149.4,140.00,149.99
149.5,140.00,149.99
145.1,140.00,149.99
145.2,140.00,149.99
145.3,140.00,149.99
145.4,140.00,149.99
145.5,140.00,149.99
145,140.00,149.99
149.9,140.00,149.99
158,140.00,159.99
334.2,330.00,337.99
334.1,330.00,337.99
345.1,330.00,337.99
345.11,330.00,337.99
345.12,330.00,337.99
345.3,330.00,337.99
"070.2",50.00,79.99
"070.1",50.00,79.99
"070",50.00,79.99
"054",50.00,79.99
348.2,330.00,337.99
348.9,330.00,337.99
"053",50.00,79.99
530.2,530.00,530.99
530.11,530.00,530.99
530.12,530.00,530.99
530.13,530.00,530.99
530.6,530.00,530.99
530.14,530.00,530.99
530.7,530.00,530.99
532,530.00,530.99
601.3,185.00,187.99
601.4,185.00,187.99
601.11,185.00,187.99
601.12,185.00,187.99
601.8,185.00,187.99
602.3,185.00,187.99
715.2,714.00,716.00
696.4,690.00,697.99
187.8,185.00,187.99
180.3,174.00,184.99
218.1,217.00,223.99
218.2,217.00,223.99
159.4,140.00,159.99
191.11,224.00,225.99
333.1,330.00,337.99
333.2,330.00,337.99
333.3,330.00,337.99
333.4,330.00,337.99
289.8,288.00,289.99
175,174.00,184.99
174.3,174.00,184.99
"041",10.00,41.99
334.21,330.00,337.99
530.15,530.00,530.99
695.41,690.00,697.99
695.42,690.00,697.99
696.41,690.00,697.99
696.42,690.00,697.99
333.8,330.00,337.99
224.1,224.00,225.99
530.9,530.00,530.99
331.1,330.00,337.99
348.4,330.00,337.99
348.8,330.00,337.99
348.7,330.00,337.99
331.9,330.00,337.99
"038",10.00,41.99
"031",10.00,41.99
"010",10.00,41.99
"008",1.00,9.99
227.1,193.00,194.99
227.2,193.00,194.99
227.3,193.00,194.99
225.1,224.00,225.99
225.2,224.00,225.99
346.1,330.00,337.99
346.2,330.00,337.99
346.3,330.00,337.99
715.3,714.00,716.00
792.1,174.00,184.99
709.5,690.00,697.99
709.6,690.00,697.99
709.7,690.00,697.99
150,210.00,211.99
151,210.00,211.99
153,208.00,208.99
155,210.00,211.99
157,210.00,211.99
159,210.00,211.99
174,610.00,610.99
182,218.00,218.99
180,792.00,792.99
184,220.00,221.99
185,600.00,602.99
187,222.00,222.99
190,190.00,192.99
191,190.00,192.99
193,226.00,227.99
194,226.00,227.99
208,208.00,208.99
210,210.00,210.99
211,150.00,159.99
218,180.00,184.99
220,217.00,221.99
221,174.00,184.99
222,222.00,222.99
224,190.00,192.99
225,190.00,192.99
226,226.00,227.99
227,226.00,227.99
331,341.00,349.99
332,341.00,349.99
333,341.00,349.99
334,341.00,349.99
335,341.00,349.99
337,341.00,349.99
341,341.00,349.99
342,341.00,349.99
343,341.00,349.99
344,341.00,349.99
345,341.00,349.99
346,341.00,349.99
347,341.00,349.99
348,341.00,349.99
349,341.00,349.99
695.4,335.00,335.99
530,532.00,532.99
600,600.00,602.99
601,600.00,602.99
602,600.00,602.99
696,714.00,714.99
709,708.00,709.99
714,696.00,696.99
715,696.00,696.99
792,792.00,792.99
796,600.00,602.99
530.1,532.00,532.99
709.2,708.00,709.99
155.1,210.00,211.99
174.1,610.00,610.99
180.1,792.00,792.99
184.1,220.00,221.99
187.1,222.00,222.99
191.1,190.00,192.99
200.1,289.00,289.99
153.3,208.00,208.99
153.2,208.00,208.99
184.2,220.00,221.99
187.2,222.00,222.99
709.4,708.00,709.99
709.3,708.00,709.99
714.1,696.00,696.99
715.1,696.00,696.99
714.2,696.00,696.99
337.1,341.00,349.99
601.1,600.00,602.99
530.3,532.00,532.99
530.5,532.00,532.99
159.2,210.00,211.99
159.3,210.00,211.99
174.11,610.00,610.99
174.2,610.00,610.99
184.11,220.00,221.99
149,210.00,210.99
149.1,210.00,210.99
149.2,210.00,210.99
149.3,210.00,210.99
149.4,210.00,210.99
149.5,210.00,210.99
145.1,210.00,210.99
145.2,210.00,210.99
145.3,210.00,210.99
145.4,210.00,210.99
145.5,210.00,210.99
145,210.00,210.99
149.9,210.00,210.99
158,210.00,211.99
334.2,341.00,349.99
334.1,341.00,349.99
345.1,341.00,349.99
345.11,341.00,349.99
345.12,341.00,349.99
345.3,341.00,349.99
348.2,341.00,349.99
348.9,341.00,349.99
530.2,532.00,532.99
530.11,532.00,532.99
530.12,532.00,532.99
530.13,532.00,532.99
530.6,532.00,532.99
530.14,532.00,532.99
530.7,532.00,532.99
532,532.00,532.99
601.3,600.00,602.99
601.4,600.00,602.99
601.11,600.00,602.99
601.12,600.00,602.99
601.8,600.00,602.99
602.3,600.00,602.99
715.2,696.00,696.99
696.4,714.00,714.99
187.8,222.00,222.99
180.3,792.00,792.99
218.1,180.00,184.99
218.2,180.00,184.99
159.4,210.00,211.99
191.11,190.00,192.99
333.1,341.00,349.99
333.2,341.00,349.99
333.3,341.00,349.99
333.4,341.00,349.99
289.8,200.00,200.99
175,610.00,611.99
174.3,610.00,610.99
334.21,341.00,349.99
530.15,532.00,532.99
695.41,335.00,335.99
695.42,335.00,335.99
696.41,714.00,714.99
696.42,714.00,714.99
333.8,341.00,349.99
224.1,190.00,192.99
530.9,532.00,532.99
331.1,341.00,349.99
348.4,341.00,349.99
348.8,341.00,349.99
348.7,341.00,349.99
331.9,341.00,349.99
227.1,226.00,227.99
227.2,226.00,227.99
227.3,226.00,227.99
225.1,190.00,192.99
225.2,190.00,192.99
346.1,341.00,349.99
346.2,341.00,349.99
346.3,341.00,349.99
715.3,696.00,696.99
792.1,792.00,792.99
709.5,708.00,709.99
709.6,708.00,709.99
709.7,708.00,709.99
180,218.00,218.99
185,796.00,796.99
600,796.00,796.99
601,796.00,796.99
602,796.00,796.99
792,218.00,218.99
796,796.00,796.99
180.1,218.00,218.99
601.1,796.00,796.99
601.3,796.00,796.99
601.4,796.00,796.99
601.11,796.00,796.99
601.12,796.00,796.99
601.8,796.00,796.99
602.3,796.00,796.99
180.3,218.00,218.99
792.1,218.00,218.99
362,250.70,250.79
362.2,250.70,250.79
362.8,250.70,250.79
362.21,250.70,250.79
362.22,250.70,250.79
362.4,250.70,250.79
362.6,250.70,250.79
362.9,250.70,250.79
362.23,250.70,250.79
362.27,250.70,250.79
362.26,250.70,250.79
362.7,250.70,250.79
250.7,250.70,250.79
362.29,250.70,250.79
362.1,250.70,250.79
362.31,250.70,250.79
362.5,250.70,250.79
362.3,250.70,250.79
362,360.00,365.99
362.2,360.00,365.99
362.8,360.00,365.99
362.21,360.00,365.99
362.22,360.00,365.99
362.4,360.00,365.99
362.6,360.00,365.99
362.9,360.00,365.99
362.23,360.00,365.99
362.27,360.00,365.99
362.26,360.00,365.99
362.7,360.00,365.99
250.7,360.00,365.99
362.29,360.00,365.99
362.1,360.00,365.99
362.31,360.00,365.99
362.5,360.00,365.99
362.3,360.00,365.99
"041.2",10.00,41.99
"041.21",10.00,41.99
"070.4",50.00,79.99
"041.4",10.00,41.99
"041.8",10.00,41.99
"041.12",10.00,41.99
"041.11",10.00,41.99
"041.1",10.00,41.99
"008.6",1.00,9.99
"008.5",1.00,9.99
"008.51",1.00,9.99
"008.52",1.00,9.99
"053.1",50.00,79.99
"079.1",50.00,79.99
"038.3",10.00,41.99
"031.1",10.00,41.99
"041.9",10.00,41.99
"008.7",1.00,9.99
"038.1",10.00,41.99
"038.2",10.00,41.99
"090.2",90.00,92.99
"090.3",90.00,92.99
"071.1",50.00,79.99
"079.2",50.00,79.99
"079.9",50.00,79.99
"081.1",80.00,82.99
"081.11",80.00,82.99
"081.12",80.00,82.99
"070.9",50.00,79.99
