"SNP","phecode","cases","controls","odds_ratio","P","L95","U95","cohort_match"
"10:114758349:C:T",250.2,2557,9581,1.27381423585912,2.6080398833209e-11,1.18633611360078,1.36774282505183,0
"11:2184848:G:T",250.1,465,9581,0.839146788326948,0.0318992854693813,0.71493679881987,0.984936477632408,0
"12:66250940:T:G",250.2,2557,9581,0.93152243059351,0.123095575196756,0.851204846825552,1.01941858288863,0
"13:110360784:C:T",185,352,4304,0.810379813086665,0.500056962802034,0.439861994828867,1.49300337191869,0
"13:55759209:C:T",300.9,277,12442,0.861041072196782,0.430624616799411,0.593521358107145,1.24914077291882,0
"15:78857986:C:G",165.1,224,12531,1.19610513036542,0.0909408342086506,0.97185455261477,1.47210040745015,0
"15:90975517:A:G",365.1,445,12251,1.01461344440647,0.849961228925677,0.873011805556866,1.17918272698926,0
"17:37922259:G:A",495,1269,10988,0.959824049043934,0.474589186021645,0.857782853836445,1.07400398714282,0
"17:38066372:T:C",250.1,465,9581,1.16399424877005,0.0273936290726922,1.01707239939014,1.33213978865436,0
"17:47436749:G:A",185,352,4304,1.3392991646053,0.071109511496427,0.97519224316286,1.83935246090025,0
"1:159174683:T:C",288.1,414,12089,1.3573570433241,0.00556800370911403,1.09364970538053,1.68465106697075,0
"22:28374943:G:C",185,352,4304,1.48387804654988,0.179785077112995,0.833615525086573,2.64137841819108,0
"22:36616445:T:C",585.3,2011,10197,1.1711336020901,1.60985229321317e-05,1.09000924720853,1.25829566809366,0
"4:100229017:G:A",317.1,291,12268,0.776826238091169,0.0318402483259747,0.616843099473779,0.978302269575003,0
"4:111712432:A:G",427.21,663,11939,0.851618543723132,0.00879981520212452,0.755192623871695,0.960356498577675,0
"4:111718067:G:A",427.21,663,11939,0.852522949449792,0.00972289869930291,0.755401378165032,0.962131391796044,0
"4:99592997:A:G",317.1,291,12268,1.32771159877368,0.128708924345201,0.921054601350791,1.91391268979371,0
"5:1287194:G:A",165.1,224,12531,0.819276612165262,0.0564033927678789,0.667573399105807,1.00545373458568,0
"5:159879978:T:C",695.42,295,12470,0.814121500681065,0.0147064522762653,0.690136866277098,0.960380252465849,0
"6:117200434:C:A",185,352,4304,0.769761773035749,0.00956420407169873,0.631534559103123,0.938243487527634,0
"6:32582650:C:G",714.1,295,12417,1.56514644135947,0.000268646810470588,1.23000153263112,1.99161002479408,0
"6:32626272:C:A",250.1,465,9581,1.70985186153873,1.50022010928801e-09,1.43687293594504,2.03469166637522,0
"7:100458093:C:G",401,5779,5965,1.00758704753861,0.838168396528604,0.937089901464727,1.08338768434139,0
"7:128576086:T:C",695.42,295,12470,1.29242098645179,0.0057074868603557,1.07748357972134,1.55023430301648,0
"7:15434230:G:C",250.2,2557,9581,0.887308289293109,0.0427004974546175,0.790418524725638,0.996074833293601,0
"8:128027954:G:A",185,352,4304,0.901080821721909,0.388001317847905,0.711306732060788,1.14148595912015,0
"8:128074815:A:T",185,352,4304,2.29154698415846,1.19325240974674e-09,1.75411745233574,2.99363510328992,0
"8:128131809:G:A",185,352,4304,2.13118195601709,3.2781355206263e-05,1.49121480501382,3.04579629600093,0
"8:23529521:G:A",185,352,4304,0.782543394162524,0.0111092486539904,0.647605993568074,0.945596813231212,0
"8:2550802:C:T",495,1269,10988,1.13106530719711,0.0510616509762952,0.999431840860169,1.28003599329379,0
"8:42033519:G:A",695.42,295,12470,1.65409488929576,0.0264192033265563,1.06071852606482,2.57941181902874,0
